"B01003_001E","B01003_001M","GEO_ID","NAME"
"Estimate!!Total","Margin of Error!!Total","id","Geographic Area Name"
"57660","*****","310M100US10020","Abbeville, LA Micro Area"
"40315","*****","310M100US10100","Aberdeen, SD Micro Area"
"72348","*****","310M100US10140","Aberdeen, WA Micro Area"
"164100","*****","310M100US10180","Abilene, TX Metro Area"
"37102","*****","310M100US10220","Ada, OK Micro Area"
"19514","*****","310M100US10260","Adjuntas, PR Micro Area"
"100456","*****","310M100US10300","Adrian, MI Micro Area"
"307587","*****","310M100US10380","Aguadilla-Isabela-San Sebastián, PR Metro Area"
"702882","*****","310M100US10420","Akron, OH Metro Area"
"63494","*****","310M100US10460","Alamogordo, NM Micro Area"
"157632","*****","310M100US10500","Albany, GA Metro Area"
"115776","*****","310M100US10540","Albany-Lebanon, OR Micro Area"
"868231","*****","310M100US10580","Albany-Schenectady-Troy, NY Metro Area"
"60394","*****","310M100US10620","Albemarle, NC Micro Area"
"31301","*****","310M100US10660","Albert Lea, MN Micro Area"
"92052","*****","310M100US10700","Albertville, AL Micro Area"
"875617","*****","310M100US10740","Albuquerque, NM Metro Area"
"52917","*****","310M100US10760","Alexander City, AL Micro Area"
"153146","*****","310M100US10780","Alexandria, LA Metro Area"
"36051","*****","310M100US10820","Alexandria, MN Micro Area"
"40821","*****","310M100US10860","Alice, TX Micro Area"
"111405","*****","310M100US10880","Allegan, MI Micro Area"
"817323","*****","310M100US10900","Allentown-Bethlehem-Easton, PA-NJ Metro Area"
"42495","*****","310M100US10940","Alma, MI Micro Area"
"29797","*****","310M100US10980","Alpena, MI Micro Area"
"127090","*****","310M100US11020","Altoona, PA Metro Area"
"26311","*****","310M100US11060","Altus, OK Micro Area"
"247803","115","310M100US11100","Amarillo, TX Metro Area"
"37710","*****","310M100US11140","Americus, GA Micro Area"
"88577","*****","310M100US11180","Ames, IA Metro Area"
"49985","*****","310M100US11220","Amsterdam, NY Micro Area"
"374207","*****","310M100US11260","Anchorage, AK Metro Area"
"131445","*****","310M100US11300","Anderson, IN Metro Area"
"185675","*****","310M100US11340","Anderson, SC Metro Area"
"14500","*****","310M100US11380","Andrews, TX Micro Area"
"34084","*****","310M100US11420","Angola, IN Micro Area"
"344727","*****","310M100US11460","Ann Arbor, MI Metro Area"
"117614","*****","310M100US11500","Anniston-Oxford, AL Metro Area"
"224158","*****","310M100US11540","Appleton, WI Metro Area"
"34669","*****","310M100US11580","Arcadia, FL Micro Area"
"56669","*****","310M100US11620","Ardmore, OK Micro Area"
"23066","*****","310M100US11660","Arkadelphia, AR Micro Area"
"421180","*****","310M100US11700","Asheville, NC Metro Area"
"53331","*****","310M100US11740","Ashland, OH Micro Area"
"101676","*****","310M100US11780","Ashtabula, OH Micro Area"
"36966","*****","310M100US11820","Astoria, OR Micro Area"
"16867","*****","310M100US11860","Atchison, KS Micro Area"
"64562","*****","310M100US11900","Athens, OH Micro Area"
"52254","*****","310M100US11940","Athens, TN Micro Area"
"78394","*****","310M100US11980","Athens, TX Micro Area"
"190978","*****","310M100US12020","Athens-Clarke County, GA Metro Area"
"5213854","*****","310M100US12060","Atlanta-Sandy Springs-Marietta, GA Metro Area"
"273674","*****","310M100US12100","Atlantic City-Hammonton, NJ Metro Area"
"42136","*****","310M100US12140","Auburn, IN Micro Area"
"80204","*****","310M100US12180","Auburn, NY Micro Area"
"137855","*****","310M100US12220","Auburn-Opelika, AL Metro Area"
"550420","*****","310M100US12260","Augusta-Richmond County, GA-SC Metro Area"
"122008","*****","310M100US12300","Augusta-Waterville, ME Micro Area"
"38985","*****","310M100US12380","Austin, MN Micro Area"
"1681167","*****","310M100US12420","Austin-Round Rock-San Marcos, TX Metro Area"
"27890","*****","310M100US12460","Bainbridge, GA Micro Area"
"829254","*****","310M100US12540","Bakersfield-Delano, CA Metro Area"
"2697421","*****","310M100US12580","Baltimore-Towson, MD Metro Area"
"153400","*****","310M100US12620","Bangor, ME Metro Area"
"61504","*****","310M100US12660","Baraboo, WI Micro Area"
"216639","*****","310M100US12700","Barnstable Town, MA Metro Area"
"59426","*****","310M100US12740","Barre, VT Micro Area"
"50791","*****","310M100US12780","Bartlesville, OK Micro Area"
"28097","*****","310M100US12820","Bastrop, LA Micro Area"
"59966","*****","310M100US12860","Batavia, NY Micro Area"
"36279","*****","310M100US12900","Batesville, AR Micro Area"
"795254","*****","310M100US12940","Baton Rouge, LA Metro Area"
"136554","*****","310M100US12980","Battle Creek, MI Metro Area"
"107838","*****","310M100US13020","Bay City, MI Metro Area"
"36662","*****","310M100US13060","Bay City, TX Micro Area"
"22423","*****","310M100US13100","Beatrice, NE Micro Area"
"386882","*****","310M100US13140","Beaumont-Port Arthur, TX Metro Area"
"88867","*****","310M100US13180","Beaver Dam, WI Micro Area"
"78701","*****","310M100US13220","Beckley, WV Micro Area"
"46203","*****","310M100US13260","Bedford, IN Micro Area"
"31916","*****","310M100US13300","Beeville, TX Micro Area"
"45964","*****","310M100US13340","Bellefontaine, OH Micro Area"
"198937","*****","310M100US13380","Bellingham, WA Metro Area"
"44233","*****","310M100US13420","Bemidji, MN Micro Area"
"157014","*****","310M100US13460","Bend, OR Metro Area"
"28977","*****","310M100US13500","Bennettsville, SC Micro Area"
"37093","*****","310M100US13540","Bennington, VT Micro Area"
"39574","*****","310M100US13620","Berlin, NH-VT Micro Area"
"42817","*****","310M100US13660","Big Rapids, MI Micro Area"
"34645","*****","310M100US13700","Big Spring, TX Micro Area"
"156167","*****","310M100US13740","Billings, MT Metro Area"
"251735","*****","310M100US13780","Binghamton, NY Metro Area"
"1122192","*****","310M100US13820","Birmingham-Hoover, AL Metro Area"
"18457","*****","310M100US13860","Bishop, CA Micro Area"
"107301","*****","310M100US13900","Bismarck, ND Metro Area"
"45002","*****","310M100US13940","Blackfoot, ID Micro Area"
"161850","*****","310M100US13980","Blacksburg-Christiansburg-Radford, VA Metro Area"
"190957","*****","310M100US14020","Bloomington, IN Metro Area"
"168234","*****","310M100US14060","Bloomington-Normal, IL Metro Area"
"85213","*****","310M100US14100","Bloomsburg-Berwick, PA Micro Area"
"106884","*****","310M100US14140","Bluefield, WV-VA Micro Area"
"46608","*****","310M100US14180","Blytheville, AR Micro Area"
"46969","*****","310M100US14220","Bogalusa, LA Micro Area"
"610120","*****","310M100US14260","Boise City-Nampa, ID Metro Area"
"33853","*****","310M100US14300","Bonham, TX Micro Area"
"26380","*****","310M100US14340","Boone, IA Micro Area"
"50421","*****","310M100US14380","Boone, NC Micro Area"
"22088","*****","310M100US14420","Borger, TX Micro Area"
"4521737","*****","310M100US14460","Boston-Cambridge-Quincy, MA-NH Metro Area"
"293205","*****","310M100US14500","Boulder, CO Metro Area"
"123953","*****","310M100US14540","Bowling Green, KY Metro Area"
"89146","*****","310M100US14580","Bozeman, MT Micro Area"
"43642","*****","310M100US14620","Bradford, PA Micro Area"
"90851","*****","310M100US14660","Brainerd, MN Micro Area"
"82785","*****","310M100US14700","Branson, MO Micro Area"
"249238","*****","310M100US14740","Bremerton-Silverdale, WA Metro Area"
"33261","*****","310M100US14780","Brenham, TX Micro Area"
"32670","*****","310M100US14820","Brevard, NC Micro Area"
"911196","*****","310M100US14860","Bridgeport-Stamford-Norwalk, CT Metro Area"
"49093","*****","310M100US14940","Brigham City, UT Micro Area"
"34751","*****","310M100US15020","Brookhaven, MS Micro Area"
"22373","*****","310M100US15060","Brookings, OR Micro Area"
"31639","*****","310M100US15100","Brookings, SD Micro Area"
"18847","*****","310M100US15140","Brownsville, TN Micro Area"
"400332","*****","310M100US15180","Brownsville-Harlingen, TX Metro Area"
"38136","*****","310M100US15220","Brownwood, TX Micro Area"
"110738","*****","310M100US15260","Brunswick, GA Metro Area"
"43998","*****","310M100US15340","Bucyrus, OH Micro Area"
"1135750","*****","310M100US15380","Buffalo-Niagara Falls, NY Metro Area"
"42231","*****","310M100US15420","Burley, ID Micro Area"
"47634","*****","310M100US15460","Burlington, IA-IL Micro Area"
"149439","*****","310M100US15500","Burlington, NC Metro Area"
"210409","*****","310M100US15540","Burlington-South Burlington, VT Metro Area"
"33985","*****","310M100US15580","Butte-Silver Bow, MT Micro Area"
"47648","*****","310M100US15620","Cadillac, MI Micro Area"
"54747","*****","310M100US15660","Calhoun, GA Micro Area"
"32480","*****","310M100US15700","Cambridge, MD Micro Area"
"40219","*****","310M100US15740","Cambridge, OH Micro Area"
"31554","*****","310M100US15780","Camden, AR Micro Area"
"24400","*****","310M100US15820","Campbellsville, KY Micro Area"
"47040","*****","310M100US15860","Cañon City, CO Micro Area"
"37122","*****","310M100US15900","Canton, IL Micro Area"
"405055","*****","310M100US15940","Canton-Massillon, OH Metro Area"
"615955","*****","310M100US15980","Cape Coral-Fort Myers, FL Metro Area"
"95749","*****","310M100US16020","Cape Girardeau-Jackson, MO-IL Metro Area"
"59901","*****","310M100US16060","Carbondale, IL Micro Area"
"53228","*****","310M100US16100","Carlsbad-Artesia, NM Micro Area"
"55378","*****","310M100US16180","Carson City, NV Metro Area"
"74625","*****","310M100US16220","Casper, WY Metro Area"
"45383","*****","310M100US16260","Cedar City, UT Micro Area"
"256799","*****","310M100US16300","Cedar Rapids, IA Metro Area"
"41233","*****","310M100US16340","Cedartown, GA Micro Area"
"40918","*****","310M100US16380","Celina, OH Micro Area"
"31473","*****","310M100US16420","Central City, KY Micro Area"
"39586","*****","310M100US16460","Centralia, IL Micro Area"
"75167","*****","310M100US16500","Centralia, WA Micro Area"
"148239","*****","310M100US16540","Chambersburg, PA Micro Area"
"230241","*****","310M100US16580","Champaign-Urbana, IL Metro Area"
"303980","*****","310M100US16620","Charleston, WV Metro Area"
"64757","*****","310M100US16660","Charleston-Mattoon, IL Micro Area"
"655456","*****","310M100US16700","Charleston-North Charleston-Summerville, SC Metro Area"
"1729955","*****","310M100US16740","Charlotte-Gastonia-Rock Hill, NC-SC Metro Area"
"199675","*****","310M100US16820","Charlottesville, VA Metro Area"
"523711","*****","310M100US16860","Chattanooga, TN-GA Metro Area"
"33190","*****","310M100US16900","Chester, SC Micro Area"
"90394","*****","310M100US16940","Cheyenne, WY Metro Area"
"9425706","*****","310M100US16980","Chicago-Joliet-Naperville, IL-IN-WI Metro Area"
"219309","*****","310M100US17020","Chico, CA Metro Area"
"77868","*****","310M100US17060","Chillicothe, OH Micro Area"
"2120924","*****","310M100US17140","Cincinnati-Middletown, OH-KY-IN Metro Area"
"43658","*****","310M100US17200","Claremont, NH Micro Area"
"93659","*****","310M100US17220","Clarksburg, WV Micro Area"
"26376","*****","310M100US17260","Clarksdale, MS Micro Area"
"269001","*****","310M100US17300","Clarksville, TN-KY Metro Area"
"64392","*****","310M100US17340","Clearlake, CA Micro Area"
"34592","*****","310M100US17380","Cleveland, MS Micro Area"
"115026","*****","310M100US17420","Cleveland, TN Metro Area"
"2080318","*****","310M100US17460","Cleveland-Elyria-Mentor, OH Metro Area"
"39084","*****","310M100US17500","Clewiston, FL Micro Area"
"49185","*****","310M100US17540","Clinton, IA Micro Area"
"47453","*****","310M100US17580","Clovis, NM Micro Area"
"71598","*****","310M100US17620","Coamo, PR Micro Area"
"137178","*****","310M100US17660","Coeur d'Alene, ID Metro Area"
"35383","*****","310M100US17700","Coffeyville, KS Micro Area"
"45765","*****","310M100US17740","Coldwater, MI Micro Area"
"223573","*****","310M100US17780","College Station-Bryan, TX Metro Area"
"634412","*****","310M100US17820","Colorado Springs, CO Metro Area"
"170772","*****","310M100US17860","Columbia, MO Metro Area"
"756550","*****","310M100US17900","Columbia, SC Metro Area"
"80177","*****","310M100US17940","Columbia, TN Micro Area"
"292661","*****","310M100US17980","Columbus, GA-AL Metro Area"
"76536","*****","310M100US18020","Columbus, IN Metro Area"
"59533","*****","310M100US18060","Columbus, MS Micro Area"
"31963","*****","310M100US18100","Columbus, NE Micro Area"
"1819568","*****","310M100US18140","Columbus, OH Metro Area"
"146785","*****","310M100US18180","Concord, NH Micro Area"
"24325","*****","310M100US18220","Connersville, IN Micro Area"
"104905","*****","310M100US18260","Cookeville, TN Micro Area"
"63108","*****","310M100US18300","Coos Bay, OR Micro Area"
"35951","*****","310M100US18340","Corbin, KY Micro Area"
"23379","*****","310M100US18380","Cordele, GA Micro Area"
"36881","*****","310M100US18420","Corinth, MS Micro Area"
"42744","*****","310M100US18460","Cornelia, GA Micro Area"
"98837","*****","310M100US18500","Corning, NY Micro Area"
"426073","*****","310M100US18580","Corpus Christi, TX Metro Area"
"47621","*****","310M100US18620","Corsicana, TX Micro Area"
"49441","*****","310M100US18660","Cortland, NY Micro Area"
"84943","*****","310M100US18700","Corvallis, OR Metro Area"
"36974","*****","310M100US18740","Coshocton, OH Micro Area"
"38220","*****","310M100US18820","Crawfordsville, IN Micro Area"
"28561","*****","310M100US18860","Crescent City, CA Micro Area"
"181973","*****","310M100US18880","Crestview-Fort Walton Beach-Destin, FL Metro Area"
"55648","*****","310M100US18900","Crossville, TN Micro Area"
"61430","*****","310M100US18940","Crowley, LA Micro Area"
"80246","*****","310M100US18980","Cullman, AL Micro Area"
"46427","*****","310M100US19020","Culpeper, VA Micro Area"
"102758","*****","310M100US19060","Cumberland, MD-WV Metro Area"
"6280597","*****","310M100US19100","Dallas-Fort Worth-Arlington, TX Metro Area"
"141034","*****","310M100US19140","Dalton, GA Metro Area"
"81799","*****","310M100US19180","Danville, IL Metro Area"
"53103","*****","310M100US19220","Danville, KY Micro Area"
"106627","*****","310M100US19260","Danville, VA Metro Area"
"179523","*****","310M100US19300","Daphne-Fairhope-Foley, AL Micro Area"
"378254","*****","310M100US19340","Davenport-Moline-Rock Island, IA-IL Metro Area"
"843230","*****","310M100US19380","Dayton, OH Metro Area"
"152771","*****","310M100US19460","Decatur, AL Metro Area"
"110712","*****","310M100US19500","Decatur, IL Metro Area"
"34263","*****","310M100US19540","Decatur, IN Micro Area"
"39066","*****","310M100US19580","Defiance, OH Micro Area"
"48434","*****","310M100US19620","Del Rio, TX Micro Area"
"496089","*****","310M100US19660","Deltona-Daytona Beach-Ormond Beach, FL Metro Area"
"25250","*****","310M100US19700","Deming, NM Micro Area"
"2509230","*****","310M100US19740","Denver-Aurora-Broomfield, CO Metro Area"
"35328","*****","310M100US19760","DeRidder, LA Micro Area"
"562406","*****","310M100US19780","Des Moines-West Des Moines, IA Metro Area"
"4320982","*****","310M100US19820","Detroit-Warren-Livonia, MI Metro Area"
"24863","100","310M100US19860","Dickinson, ND Micro Area"
"31745","*****","310M100US19900","Dillon, SC Micro Area"
"36012","*****","310M100US19940","Dixon, IL Micro Area"
"33232","*****","310M100US19980","Dodge City, KS Micro Area"
"144196","*****","310M100US20020","Dothan, AL Metro Area"
"50518","*****","310M100US20060","Douglas, GA Micro Area"
"159936","*****","310M100US20100","Dover, DE Metro Area"
"58197","*****","310M100US20140","Dublin, GA Micro Area"
"81954","*****","310M100US20180","DuBois, PA Micro Area"
"93227","*****","310M100US20220","Dubuque, IA Metro Area"
"278954","*****","310M100US20260","Duluth, MN-WI Metro Area"
"21379","*****","310M100US20300","Dumas, TX Micro Area"
"44759","*****","310M100US20340","Duncan, OK Micro Area"
"112287","*****","310M100US20380","Dunn, NC Micro Area"
"50820","*****","310M100US20420","Durango, CO Micro Area"
"41865","*****","310M100US20460","Durant, OK Micro Area"
"497442","*****","310M100US20500","Durham-Chapel Hill, NC Metro Area"
"38202","*****","310M100US20540","Dyersburg, TN Micro Area"
"53389","*****","310M100US20580","Eagle Pass, TX Micro Area"
"108198","*****","310M100US20620","East Liverpool-Salem, OH Micro Area"
"37575","*****","310M100US20660","Easton, MD Micro Area"
"169050","*****","310M100US20700","East Stroudsburg, PA Micro Area"
"160137","*****","310M100US20740","Eau Claire, WI Metro Area"
"58467","312","310M100US20780","Edwards, CO Micro Area"
"34229","*****","310M100US20820","Effingham, IL Micro Area"
"41083","*****","310M100US20900","El Campo, TX Micro Area"
"171343","*****","310M100US20940","El Centro, CA Metro Area"
"41879","*****","310M100US20980","El Dorado, AR Micro Area"
"63658","*****","310M100US21020","Elizabeth City, NC Micro Area"
"117035","*****","310M100US21060","Elizabethtown, KY Metro Area"
"22272","*****","310M100US21120","Elk City, OK Micro Area"
"197614","*****","310M100US21140","Elkhart-Goshen, IN Metro Area"
"50168","138","310M100US21220","Elko, NV Micro Area"
"40461","*****","310M100US21260","Ellensburg, WA Micro Area"
"88731","*****","310M100US21300","Elmira, NY Metro Area"
"787410","*****","310M100US21340","El Paso, TX Metro Area"
"37369","*****","310M100US21380","Emporia, KS Micro Area"
"59680","*****","310M100US21420","Enid, OK Micro Area"
"99141","*****","310M100US21460","Enterprise-Ozark, AL Micro Area"
"279824","*****","310M100US21500","Erie, PA Metro Area"
"37248","*****","310M100US21540","Escanaba, MI Micro Area"
"40216","*****","310M100US21580","Espanola, NM Micro Area"
"30035","288","310M100US21640","Eufaula, AL-GA Micro Area"
"349832","*****","310M100US21660","Eugene-Springfield, OR Metro Area"
"133585","*****","310M100US21700","Eureka-Arcata-Fortuna, CA Micro Area"
"20788","*****","310M100US21740","Evanston, WY Micro Area"
"357259","*****","310M100US21780","Evansville, IN-KY Metro Area"
"96161","*****","310M100US21820","Fairbanks, AK Metro Area"
"20821","*****","310M100US21860","Fairmont, MN Micro Area"
"56416","*****","310M100US21900","Fairmont, WV Micro Area"
"71580","*****","310M100US21940","Fajardo, PR Metro Area"
"24904","*****","310M100US21980","Fallon, NV Micro Area"
"205254","*****","310M100US22020","Fargo, ND-MN Metro Area"
"63594","*****","310M100US22060","Faribault-Northfield, MN Micro Area"
"64771","*****","310M100US22100","Farmington, MO Micro Area"
"128160","*****","310M100US22140","Farmington, NM Metro Area"
"362196","*****","310M100US22180","Fayetteville, NC Metro Area"
"455576","*****","310M100US22220","Fayetteville-Springdale-Rogers, AR-MO Metro Area"
"57442","*****","310M100US22260","Fergus Falls, MN Micro Area"
"51937","*****","310M100US22280","Fernley, NV Micro Area"
"74847","*****","310M100US22300","Findlay, OH Micro Area"
"27283","*****","310M100US22340","Fitzgerald, GA Micro Area"
"132978","*****","310M100US22380","Flagstaff, AZ Metro Area"
"429272","*****","310M100US22420","Flint, MI Metro Area"
"204549","*****","310M100US22500","Florence, SC Metro Area"
"146747","*****","310M100US22520","Florence-Muscle Shoals, AL Metro Area"
"101351","*****","310M100US22540","Fond du Lac, WI Metro Area"
"67262","*****","310M100US22580","Forest City, NC Micro Area"
"28195","*****","310M100US22620","Forrest City, AR Micro Area"
"296107","*****","310M100US22660","Fort Collins-Loveland, CO Metro Area"
"38105","*****","310M100US22700","Fort Dodge, IA Micro Area"
"50455","*****","310M100US22780","Fort Leonard Wood, MO Micro Area"
"42984","*****","310M100US22800","Fort Madison-Keokuk, IA-MO Micro Area"
"27943","*****","310M100US22820","Fort Morgan, CO Micro Area"
"70608","*****","310M100US22840","Fort Payne, AL Micro Area"
"50706","*****","310M100US22860","Fort Polk South, LA Micro Area"
"296634","*****","310M100US22900","Fort Smith, AR-OK Metro Area"
"27349","*****","310M100US22980","Fort Valley, GA Micro Area"
"414593","*****","310M100US23060","Fort Wayne, IN Metro Area"
"33228","*****","310M100US23140","Frankfort, IN Micro Area"
"70513","*****","310M100US23180","Frankfort, KY Micro Area"
"24524","*****","310M100US23240","Fredericksburg, TX Micro Area"
"47730","*****","310M100US23300","Freeport, IL Micro Area"
"36651","*****","310M100US23340","Fremont, NE Micro Area"
"61088","*****","310M100US23380","Fremont, OH Micro Area"
"920623","*****","310M100US23420","Fresno, CA Metro Area"
"104216","*****","310M100US23460","Gadsden, AL Metro Area"
"55111","*****","310M100US23500","Gaffney, SC Micro Area"
"263046","*****","310M100US23540","Gainesville, FL Metro Area"
"178286","*****","310M100US23580","Gainesville, GA Metro Area"
"38344","*****","310M100US23620","Gainesville, TX Micro Area"
"70621","*****","310M100US23660","Galesburg, IL Micro Area"
"71290","*****","310M100US23700","Gallup, NM Micro Area"
"36297","*****","310M100US23780","Garden City, KS Micro Area"
"47058","*****","310M100US23820","Gardnerville Ranchos, NV Micro Area"
"60280","*****","310M100US23860","Georgetown, SC Micro Area"
"101137","*****","310M100US23900","Gettysburg, PA Micro Area"
"44599","*****","310M100US23940","Gillette, WY Micro Area"
"52085","*****","310M100US23980","Glasgow, KY Micro Area"
"128941","*****","310M100US24020","Glens Falls, NY Metro Area"
"55456","*****","310M100US24100","Gloversville, NY Micro Area"
"121324","*****","310M100US24140","Goldsboro, NC Metro Area"
"58889","*****","310M100US24180","Granbury, TX Micro Area"
"98054","*****","310M100US24220","Grand Forks, ND-MN Metro Area"
"71814","*****","310M100US24260","Grand Island, NE Micro Area"
"144766","*****","310M100US24300","Grand Junction, CO Metro Area"
"774664","*****","310M100US24340","Grand Rapids-Wyoming, MI Metro Area"
"27316","*****","310M100US24380","Grants, NM Micro Area"
"82456","*****","310M100US24420","Grants Pass, OR Micro Area"
"27572","*****","310M100US24460","Great Bend, KS Micro Area"
"80931","*****","310M100US24500","Great Falls, MT Metro Area"
"248441","*****","310M100US24540","Greeley, CO Metro Area"
"304982","*****","310M100US24580","Green Bay, WI Metro Area"
"68617","*****","310M100US24620","Greeneville, TN Micro Area"
"717390","*****","310M100US24660","Greensboro-High Point, NC Metro Area"
"25682","*****","310M100US24700","Greensburg, IN Micro Area"
"51665","*****","310M100US24740","Greenville, MS Micro Area"
"186335","*****","310M100US24780","Greenville, NC Metro Area"
"52907","*****","310M100US24820","Greenville, OH Micro Area"
"631062","*****","310M100US24860","Greenville-Mauldin-Easley, SC Metro Area"
"43284","*****","310M100US24900","Greenwood, MS Micro Area"
"69243","*****","310M100US24940","Greenwood, SC Micro Area"
"22032","*****","310M100US24980","Grenada, MS Micro Area"
"84388","*****","310M100US25020","Guayama, PR Metro Area"
"245736","*****","310M100US25060","Gulfport-Biloxi, MS Metro Area"
"20218","*****","310M100US25100","Guymon, OK Micro Area"
"267432","*****","310M100US25180","Hagerstown-Martinsburg, MD-WV Metro Area"
"119891","*****","310M100US25220","Hammond, LA Micro Area"
"152335","*****","310M100US25260","Hanford-Corcoran, CA Metro Area"
"38792","*****","310M100US25300","Hannibal, MO Micro Area"
"54162","*****","310M100US25340","Harriman, TN Micro Area"
"25071","*****","310M100US25380","Harrisburg, IL Micro Area"
"546087","*****","310M100US25420","Harrisburg-Carlisle, PA Metro Area"
"45261","*****","310M100US25460","Harrison, AR Micro Area"
"123863","*****","310M100US25500","Harrisonburg, VA Metro Area"
"1207636","*****","310M100US25540","Hartford-West Hartford-East Hartford, CT Metro Area"
"37711","*****","310M100US25580","Hastings, NE Micro Area"
"141333","*****","310M100US25620","Hattiesburg, MS Metro Area"
"16092","*****","310M100US25660","Havre, MT Micro Area"
"28253","*****","310M100US25700","Hays, KS Micro Area"
"22908","*****","310M100US25720","Heber, UT Micro Area"
"73878","*****","310M100US25740","Helena, MT Micro Area"
"22055","*****","310M100US25760","Helena-West Helena, AR Micro Area"
"45112","*****","310M100US25780","Henderson, NC Micro Area"
"19225","*****","310M100US25820","Hereford, TX Micro Area"
"364067","*****","310M100US25860","Hickory-Lenoir-Morganton, NC Metro Area"
"182997","*****","310M100US25900","Hilo, HI Micro Area"
"183243","*****","310M100US25940","Hilton Head Island-Beaufort, SC Micro Area"
"78058","*****","310M100US25980","Hinesville-Fort Stewart, GA Metro Area"
"63690","*****","310M100US26020","Hobbs, NM Micro Area"
"263037","*****","310M100US26100","Holland-Grand Haven, MI Metro Area"
"141157","*****","310M100US26140","Homosassa Springs, FL Micro Area"
"944287","*****","310M100US26180","Honolulu, HI Metro Area"
"21962","*****","310M100US26220","Hood River, OR Micro Area"
"31736","*****","310M100US26260","Hope, AR Micro Area"
"95914","*****","310M100US26300","Hot Springs, AR Metro Area"
"38505","*****","310M100US26340","Houghton, MI Micro Area"
"207413","*****","310M100US26380","Houma-Bayou Cane-Thibodaux, LA Metro Area"
"5836814","*****","310M100US26420","Houston-Sugar Land-Baytown, TX Metro Area"
"63055","*****","310M100US26460","Hudson, NY Micro Area"
"49379","*****","310M100US26480","Humboldt, TN Micro Area"
"45898","*****","310M100US26500","Huntingdon, PA Micro Area"
"37242","*****","310M100US26540","Huntington, IN Micro Area"
"287337","*****","310M100US26580","Huntington-Ashland, WV-KY-OH Metro Area"
"410265","*****","310M100US26620","Huntsville, AL Metro Area"
"66833","*****","310M100US26660","Huntsville, TX Micro Area"
"17111","*****","310M100US26700","Huron, SD Micro Area"
"64207","*****","310M100US26740","Hutchinson, KS Micro Area"
"36719","*****","310M100US26780","Hutchinson, MN Micro Area"
"127713","*****","310M100US26820","Idaho Falls, ID Metro Area"
"88997","*****","310M100US26860","Indiana, PA Micro Area"
"1739071","*****","310M100US26900","Indianapolis-Carmel, IN Metro Area"
"30074","*****","310M100US26940","Indianola, MS Micro Area"
"150866","*****","310M100US26980","Iowa City, IA Metro Area"
"30954","*****","310M100US27020","Iron Mountain, MI-WI Micro Area"
"101033","*****","310M100US27060","Ithaca, NY Metro Area"
"160834","*****","310M100US27100","Jackson, MI Metro Area"
"537105","*****","310M100US27140","Jackson, MS Metro Area"
"114602","*****","310M100US27180","Jackson, TN Metro Area"
"30897","*****","310M100US27220","Jackson, WY-ID Micro Area"
"1334688","*****","310M100US27260","Jacksonville, FL Metro Area"
"41024","*****","310M100US27300","Jacksonville, IL Micro Area"
"172917","*****","310M100US27340","Jacksonville, NC Metro Area"
"50427","*****","310M100US27380","Jacksonville, TX Micro Area"
"20973","*****","310M100US27420","Jamestown, ND Micro Area"
"135018","*****","310M100US27460","Jamestown-Dunkirk-Fredonia, NY Micro Area"
"160270","*****","310M100US27500","Janesville, WI Metro Area"
"54834","*****","310M100US27540","Jasper, IN Micro Area"
"16744","*****","310M100US27580","Jayuya, PR Micro Area"
"148726","*****","310M100US27620","Jefferson City, MO Metro Area"
"31545","*****","310M100US27660","Jennings, LA Micro Area"
"29988","*****","310M100US27700","Jesup, GA Micro Area"
"197309","*****","310M100US27740","Johnson City, TN Metro Area"
"144489","*****","310M100US27780","Johnstown, PA Metro Area"
"119656","*****","310M100US27860","Jonesboro, AR Metro Area"
"174214","*****","310M100US27900","Joplin, MO Metro Area"
"31244","*****","310M100US27940","Juneau, AK Micro Area"
"152907","17","310M100US27980","Kahului-Wailuku, HI Micro Area"
"325220","*****","310M100US28020","Kalamazoo-Portage, MI Metro Area"
"90317","*****","310M100US28060","Kalispell, MT Micro Area"
"112895","*****","310M100US28100","Kankakee-Bradley, IL Metro Area"
"2018661","*****","310M100US28140","Kansas City, MO-KS Metro Area"
"66306","*****","310M100US28180","Kapaa, HI Micro Area"
"52390","*****","310M100US28260","Kearney, NE Micro Area"
"77301","*****","310M100US28300","Keene, NH Micro Area"
"47522","*****","310M100US28340","Kendallville, IN Micro Area"
"32055","*****","310M100US28380","Kennett, MO Micro Area"
"246405","*****","310M100US28420","Kennewick-Pasco-Richland, WA Metro Area"
"49216","*****","310M100US28500","Kerrville, TX Micro Area"
"13417","*****","310M100US28540","Ketchikan, AK Micro Area"
"73068","*****","310M100US28580","Key West, FL Micro Area"
"33819","*****","310M100US28620","Kill Devil Hills, NC Micro Area"
"397656","*****","310M100US28660","Killeen-Temple-Fort Hood, TX Metro Area"
"308716","*****","310M100US28700","Kingsport-Bristol-Bristol, TN-VA Metro Area"
"182710","*****","310M100US28740","Kingston, NY Metro Area"
"32148","135","310M100US28780","Kingsville, TX Micro Area"
"59326","*****","310M100US28820","Kinston, NC Micro Area"
"29807","*****","310M100US28860","Kirksville, MO Micro Area"
"66517","*****","310M100US28900","Klamath Falls, OR Micro Area"
"692803","*****","310M100US28940","Knoxville, TN Metro Area"
"13488","*****","310M100US28980","Kodiak, AK Micro Area"
"99117","*****","310M100US29020","Kokomo, IN Metro Area"
"60166","*****","310M100US29060","Laconia, NH Micro Area"
"132913","*****","310M100US29100","La Crosse, WI-MN Metro Area"
"199886","*****","310M100US29140","Lafayette, IN Metro Area"
"270691","*****","310M100US29180","Lafayette, LA Metro Area"
"40626","*****","310M100US29220","La Follette, TN Micro Area"
"25573","*****","310M100US29260","La Grande, OR Micro Area"
"66422","*****","310M100US29300","LaGrange, GA Micro Area"
"197974","*****","310M100US29340","Lake Charles, LA Metro Area"
"67287","*****","310M100US29380","Lake City, FL Micro Area"
"200690","*****","310M100US29420","Lake Havasu City-Kingman, AZ Metro Area"
"598376","*****","310M100US29460","Lakeland-Winter Haven, FL Metro Area"
"13805","*****","310M100US29500","Lamesa, TX Micro Area"
"515817","*****","310M100US29540","Lancaster, PA Metro Area"
"74500","*****","310M100US29580","Lancaster, SC Micro Area"
"463957","*****","310M100US29620","Lansing-East Lansing, MI Metro Area"
"35515","*****","310M100US29660","Laramie, WY Micro Area"
"245762","*****","310M100US29700","Laredo, TX Metro Area"
"205637","*****","310M100US29740","Las Cruces, NM Metro Area"
"29300","*****","310M100US29780","Las Vegas, NM Micro Area"
"1928695","*****","310M100US29820","Las Vegas-Paradise, NV Metro Area"
"84726","*****","310M100US29860","Laurel, MS Micro Area"
"36227","*****","310M100US29900","Laurinburg, NC Micro Area"
"110075","*****","310M100US29940","Lawrence, KS Metro Area"
"41593","*****","310M100US29980","Lawrenceburg, TN Micro Area"
"121744","*****","310M100US30020","Lawton, OK Metro Area"
"35495","*****","310M100US30060","Lebanon, MO Micro Area"
"174497","*****","310M100US30100","Lebanon, NH-VT Micro Area"
"132550","*****","310M100US30140","Lebanon, PA Metro Area"
"22929","*****","310M100US30220","Levelland, TX Micro Area"
"44872","*****","310M100US30260","Lewisburg, PA Micro Area"
"30310","*****","310M100US30280","Lewisburg, TN Micro Area"
"60614","*****","310M100US30300","Lewiston, ID-WA Metro Area"
"107785","*****","310M100US30340","Lewiston-Auburn, ME Metro Area"
"46671","*****","310M100US30380","Lewistown, PA Micro Area"
"26307","*****","310M100US30420","Lexington, NE Micro Area"
"466479","*****","310M100US30460","Lexington-Fayette, KY Metro Area"
"103805","*****","310M100US30500","Lexington Park, MD Micro Area"
"22802","*****","310M100US30580","Liberal, KS Micro Area"
"106468","*****","310M100US30620","Lima, OH Metro Area"
"30353","*****","310M100US30660","Lincoln, IL Micro Area"
"299570","*****","310M100US30700","Lincoln, NE Metro Area"
"77035","*****","310M100US30740","Lincolnton, NC Micro Area"
"691478","*****","310M100US30780","Little Rock-North Little Rock-Conway, AR Metro Area"
"39015","*****","310M100US30820","Lock Haven, PA Micro Area"
"122402","*****","310M100US30860","Logan, UT-ID Metro Area"
"38971","*****","310M100US30900","Logansport, IN Micro Area"
"58590","*****","310M100US30940","London, KY Micro Area"
"212469","*****","310M100US30980","Longview, TX Metro Area"
"101901","*****","310M100US31020","Longview, WA Metro Area"
"18040","*****","310M100US31060","Los Alamos, NM Micro Area"
"12777695","*****","310M100US31100","Los Angeles-Long Beach-Santa Ana, CA Metro Area"
"1273988","*****","310M100US31140","Louisville/Jefferson County, KY-IN Metro Area"
"280492","*****","310M100US31180","Lubbock, TX Metro Area"
"86033","*****","310M100US31260","Lufkin, TX Micro Area"
"133033","*****","310M100US31300","Lumberton, NC Micro Area"
"250952","*****","310M100US31340","Lynchburg, VA Metro Area"
"32673","*****","310M100US31380","Macomb, IL Micro Area"
"231828","*****","310M100US31420","Macon, GA Metro Area"
"149611","*****","310M100US31460","Madera-Chowchilla, CA Metro Area"
"32380","*****","310M100US31500","Madison, IN Micro Area"
"564128","*****","310M100US31540","Madison, WI Metro Area"
"46921","*****","310M100US31580","Madisonville, KY Micro Area"
"24607","*****","310M100US31620","Magnolia, AR Micro Area"
"51711","*****","310M100US31660","Malone, NY Micro Area"
"400243","*****","310M100US31700","Manchester-Nashua, NH Metro Area"
"123553","*****","310M100US31740","Manhattan, KS Metro Area"
"81496","*****","310M100US31820","Manitowoc, WI Micro Area"
"95841","*****","310M100US31860","Mankato-North Mankato, MN Metro Area"
"125241","*****","310M100US31900","Mansfield, OH Metro Area"
"42606","*****","310M100US31920","Marble Falls, TX Micro Area"
"66016","*****","310M100US31940","Marinette, WI-MI Micro Area"
"70051","*****","310M100US31980","Marion, IN Micro Area"
"66503","*****","310M100US32020","Marion, OH Micro Area"
"66025","*****","310M100US32060","Marion-Herrin, IL Micro Area"
"66859","*****","310M100US32100","Marquette, MI Micro Area"
"25716","*****","310M100US32140","Marshall, MN Micro Area"
"23178","*****","310M100US32180","Marshall, MO Micro Area"
"64999","*****","310M100US32220","Marshall, TX Micro Area"
"40398","*****","310M100US32260","Marshalltown, IA Micro Area"
"74641","*****","310M100US32270","Marshfield-Wisconsin Rapids, WI Micro Area"
"34692","*****","310M100US32280","Martin, TN Micro Area"
"68406","*****","310M100US32300","Martinsville, VA Micro Area"
"23185","*****","310M100US32340","Maryville, MO Micro Area"
"51811","*****","310M100US32380","Mason City, IA Micro Area"
"107220","*****","310M100US32420","Mayagüez, PR Metro Area"
"37088","*****","310M100US32460","Mayfield, KY Micro Area"
"31414","*****","310M100US32500","Maysville, KY Micro Area"
"45562","*****","310M100US32540","McAlester, OK Micro Area"
"757453","*****","310M100US32580","McAllen-Edinburg-Mission, TX Metro Area"
"53527","*****","310M100US32620","McComb, MS Micro Area"
"39678","*****","310M100US32660","McMinnville, TN Micro Area"
"29190","*****","310M100US32700","McPherson, KS Micro Area"
"89058","*****","310M100US32740","Meadville, PA Micro Area"
"202178","*****","310M100US32780","Medford, OR Metro Area"
"1309692","*****","310M100US32820","Memphis, TN-MS-AR Metro Area"
"43597","*****","310M100US32860","Menomonie, WI Micro Area"
"253606","*****","310M100US32900","Merced, CA Metro Area"
"107034","*****","310M100US32940","Meridian, MS Micro Area"
"28914","*****","310M100US32980","Merrill, WI Micro Area"
"25623","*****","310M100US33020","Mexico, MO Micro Area"
"31975","*****","310M100US33060","Miami, OK Micro Area"
"5526089","*****","310M100US33100","Miami-Fort Lauderdale-Pompano Beach, FL Metro Area"
"111286","*****","310M100US33140","Michigan City-La Porte, IN Metro Area"
"28744","*****","310M100US33180","Middlesborough, KY Micro Area"
"83708","*****","310M100US33220","Midland, MI Micro Area"
"135002","*****","310M100US33260","Midland, TX Metro Area"
"55960","*****","310M100US33300","Milledgeville, GA Micro Area"
"1547501","*****","310M100US33340","Milwaukee-Waukesha-West Allis, WI Metro Area"
"41235","*****","310M100US33380","Minden, LA Micro Area"
"27977","*****","310M100US33420","Mineral Wells, TX Micro Area"
"3259654","*****","310M100US33460","Minneapolis-St. Paul-Bloomington, MN-WI Metro Area"
"68507","*****","310M100US33500","Minot, ND Micro Area"
"108431","*****","310M100US33540","Missoula, MT Metro Area"
"22821","*****","310M100US33580","Mitchell, SD Micro Area"
"25465","*****","310M100US33620","Moberly, MO Micro Area"
"410520","*****","310M100US33660","Mobile, AL Metro Area"
"512469","*****","310M100US33700","Modesto, CA Metro Area"
"175685","*****","310M100US33740","Monroe, LA Metro Area"
"152410","*****","310M100US33780","Monroe, MI Metro Area"
"36653","*****","310M100US33820","Monroe, WI Micro Area"
"373062","*****","310M100US33860","Montgomery, AL Metro Area"
"40812","*****","310M100US33940","Montrose, CO Micro Area"
"65743","*****","310M100US33980","Morehead City, NC Micro Area"
"54360","*****","310M100US34020","Morgan City, LA Micro Area"
"127770","*****","310M100US34060","Morgantown, WV Metro Area"
"135999","*****","310M100US34100","Morristown, TN Metro Area"
"36932","*****","310M100US34140","Moscow, ID Micro Area"
"87179","*****","310M100US34180","Moses Lake, WA Micro Area"
"45079","*****","310M100US34220","Moultrie, GA Micro Area"
"41527","*****","310M100US34260","Mountain Home, AR Micro Area"
"26744","*****","310M100US34300","Mountain Home, ID Micro Area"
"73473","*****","310M100US34340","Mount Airy, NC Micro Area"
"69861","*****","310M100US34380","Mount Pleasant, MI Micro Area"
"31601","*****","310M100US34420","Mount Pleasant, TX Micro Area"
"44225","*****","310M100US34460","Mount Sterling, KY Micro Area"
"47473","*****","310M100US34500","Mount Vernon, IL Micro Area"
"60623","*****","310M100US34540","Mount Vernon, OH Micro Area"
"116327","*****","310M100US34580","Mount Vernon-Anacortes, WA Metro Area"
"117413","*****","310M100US34620","Muncie, IN Metro Area"
"36999","*****","310M100US34660","Murray, KY Micro Area"
"54210","*****","310M100US34700","Muscatine, IA Micro Area"
"172745","*****","310M100US34740","Muskegon-Norton Shores, MI Metro Area"
"70593","*****","310M100US34780","Muskogee, OK Micro Area"
"265139","*****","310M100US34820","Myrtle Beach-North Myrtle Beach-Conway, SC Metro Area"
"63872","*****","310M100US34860","Nacogdoches, TX Micro Area"
"135377","*****","310M100US34900","Napa, CA Metro Area"
"320087","*****","310M100US34940","Naples-Marco Island, FL Metro Area"
"1569470","*****","310M100US34980","Nashville-Davidson--Murfreesboro--Franklin, TN Metro Area"
"53048","*****","310M100US35020","Natchez, MS-LA Micro Area"
"39364","*****","310M100US35060","Natchitoches, LA Micro Area"
"124756","*****","310M100US35100","New Bern, NC Micro Area"
"37395","*****","310M100US35140","Newberry, SC Micro Area"
"49105","*****","310M100US35220","New Castle, IN Micro Area"
"91341","*****","310M100US35260","New Castle, PA Micro Area"
"858759","*****","310M100US35300","New Haven-Milford, CT Metro Area"
"73407","*****","310M100US35340","New Iberia, LA Micro Area"
"1139643","*****","310M100US35380","New Orleans-Metairie-Kenner, LA Metro Area"
"92561","*****","310M100US35420","New Philadelphia-Dover, OH Micro Area"
"35583","*****","310M100US35460","Newport, TN Micro Area"
"36902","*****","310M100US35500","Newton, IA Micro Area"
"25926","*****","310M100US35580","New Ulm, MN Micro Area"
"18796078","*****","310M100US35620","New York-Northern New Jersey-Long Island, NY-NJ-PA Metro Area"
"157109","*****","310M100US35660","Niles-Benton Harbor, MI Metro Area"
"46727","*****","310M100US35700","Nogales, AZ Micro Area"
"48052","*****","310M100US35740","Norfolk, NE Micro Area"
"37327","100","310M100US35820","North Platte, NE Micro Area"
"699700","*****","310M100US35840","North Port-Bradenton-Sarasota, FL Metro Area"
"28441","*****","310M100US35860","North Vernon, IN Micro Area"
"69162","*****","310M100US35900","North Wilkesboro, NC Micro Area"
"59813","*****","310M100US35940","Norwalk, OH Micro Area"
"272891","*****","310M100US35980","Norwich-New London, CT Metro Area"
"78599","*****","310M100US36020","Oak Harbor, WA Micro Area"
"46031","*****","310M100US36060","Oak Hill, WV Micro Area"
"330100","*****","310M100US36100","Ocala, FL Metro Area"
"97265","*****","310M100US36140","Ocean City, NJ Metro Area"
"51307","*****","310M100US36180","Ocean Pines, MD Micro Area"
"135545","*****","310M100US36220","Odessa, TX Metro Area"
"537608","*****","310M100US36260","Ogden-Clearfield, UT Metro Area"
"111809","*****","310M100US36300","Ogdensburg-Massena, NY Micro Area"
"55106","*****","310M100US36340","Oil City, PA Micro Area"
"39978","*****","310M100US36380","Okeechobee, FL Micro Area"
"1238050","*****","310M100US36420","Oklahoma City, OK Metro Area"
"80478","*****","310M100US36460","Olean, NY Micro Area"
"248327","*****","310M100US36500","Olympia, WA Metro Area"
"856222","*****","310M100US36540","Omaha-Council Bluffs, NE-IA Metro Area"
"62380","*****","310M100US36580","Oneonta, NY Micro Area"
"53876","*****","310M100US36620","Ontario, OR-ID Micro Area"
"84003","*****","310M100US36660","Opelousas-Eunice, LA Micro Area"
"92503","*****","310M100US36700","Orangeburg, SC Micro Area"
"2113650","*****","310M100US36740","Orlando-Kissimmee-Sanford, FL Metro Area"
"166033","*****","310M100US36780","Oshkosh-Neenah, WI Metro Area"
"22433","*****","310M100US36820","Oskaloosa, IA Micro Area"
"154817","*****","310M100US36860","Ottawa-Streator, IL Micro Area"
"35473","*****","310M100US36900","Ottumwa, IA Micro Area"
"36529","*****","310M100US36940","Owatonna, MN Micro Area"
"114225","*****","310M100US36980","Owensboro, KY Metro Area"
"71016","*****","310M100US37020","Owosso, MI Micro Area"
"46702","*****","310M100US37060","Oxford, MS Micro Area"
"815745","*****","310M100US37100","Oxnard-Thousand Oaks-Ventura, CA Metro Area"
"98628","*****","310M100US37140","Paducah, KY-IL Micro Area"
"44052","*****","310M100US37220","Pahrump, NV Micro Area"
"74595","*****","310M100US37260","Palatka, FL Micro Area"
"58192","*****","310M100US37300","Palestine, TX Micro Area"
"542320","*****","310M100US37340","Palm Bay-Melbourne-Titusville, FL Metro Area"
"94431","*****","310M100US37380","Palm Coast, FL Metro Area"
"23513","115","310M100US37420","Pampa, TX Micro Area"
"167645","*****","310M100US37460","Panama City-Lynn Haven-Panama City Beach, FL Metro Area"
"41764","*****","310M100US37500","Paragould, AR Micro Area"
"32173","*****","310M100US37540","Paris, TN Micro Area"
"49681","*****","310M100US37580","Paris, TX Micro Area"
"162200","*****","310M100US37620","Parkersburg-Marietta-Vienna, WV-OH Metro Area"
"21710","*****","310M100US37660","Parsons, KS Micro Area"
"160872","*****","310M100US37700","Pascagoula, MS Metro Area"
"53380","*****","310M100US37740","Payson, AZ Micro Area"
"13473","*****","310M100US37780","Pecos, TX Micro Area"
"33372","*****","310M100US37800","Pella, IA Micro Area"
"86451","*****","310M100US37820","Pendleton-Hermiston, OR Micro Area"
"447741","*****","310M100US37860","Pensacola-Ferry Pass-Brent, FL Metro Area"
"377611","*****","310M100US37900","Peoria, IL Metro Area"
"37078","*****","310M100US37940","Peru, IN Micro Area"
"5938918","*****","310M100US37980","Philadelphia-Camden-Wilmington, PA-NJ-DE-MD Metro Area"
"55736","*****","310M100US38020","Phoenix Lake-Cedar Ridge, CA Micro Area"
"4150083","*****","310M100US38060","Phoenix-Mesa-Glendale, AZ Metro Area"
"56042","*****","310M100US38100","Picayune, MS Micro Area"
"19871","*****","310M100US38180","Pierre, SD Micro Area"
"23421","*****","310M100US38200","Pierre Part, LA Micro Area"
"100572","*****","310M100US38220","Pine Bluff, AR Metro Area"
"39051","*****","310M100US38260","Pittsburg, KS Micro Area"
"2357769","*****","310M100US38300","Pittsburgh, PA Metro Area"
"131221","*****","310M100US38340","Pittsfield, MA Metro Area"
"36108","*****","310M100US38380","Plainview, TX Micro Area"
"50944","*****","310M100US38420","Platteville, WI Micro Area"
"82265","*****","310M100US38460","Plattsburgh, NY Micro Area"
"47016","*****","310M100US38500","Plymouth, IN Micro Area"
"89401","*****","310M100US38540","Pocatello, ID Metro Area"
"58106","*****","310M100US38580","Point Pleasant, WV-OH Micro Area"
"46458","*****","310M100US38620","Ponca City, OK Micro Area"
"245566","*****","310M100US38660","Ponce, PR Metro Area"
"38992","*****","310M100US38700","Pontiac, IL Micro Area"
"42607","*****","310M100US38740","Poplar Bluff, MO Micro Area"
"19622","*****","310M100US38780","Portales, NM Micro Area"
"71077","*****","310M100US38820","Port Angeles, WA Micro Area"
"514147","*****","310M100US38860","Portland-South Portland-Biddeford, ME Metro Area"
"2202583","*****","310M100US38900","Portland-Vancouver-Hillsboro, OR-WA Metro Area"
"420173","*****","310M100US38940","Port St. Lucie, FL Metro Area"
"79189","*****","310M100US39020","Portsmouth, OH Micro Area"
"148195","*****","310M100US39060","Pottsville, PA Micro Area"
"668675","*****","310M100US39100","Poughkeepsie-Newburgh-Middletown, NY Metro Area"
"210838","*****","310M100US39140","Prescott, AZ Metro Area"
"21011","*****","310M100US39220","Price, UT Micro Area"
"21356","*****","310M100US39260","Prineville, OR Micro Area"
"1601264","*****","310M100US39300","Providence-New Bedford-Fall River, RI-MA Metro Area"
"512554","*****","310M100US39340","Provo-Orem, UT Metro Area"
"157946","*****","310M100US39380","Pueblo, CO Metro Area"
"44200","*****","310M100US39420","Pullman, WA Micro Area"
"160095","*****","310M100US39460","Punta Gorda, FL Metro Area"
"77252","*****","310M100US39500","Quincy, IL-MO Micro Area"
"195029","*****","310M100US39540","Racine, WI Metro Area"
"1104503","*****","310M100US39580","Raleigh-Cary, NC Metro Area"
"124856","*****","310M100US39660","Rapid City, SD Metro Area"
"21894","*****","310M100US39700","Raymondville, TX Micro Area"
"409624","*****","310M100US39740","Reading, PA Metro Area"
"62985","*****","310M100US39780","Red Bluff, CA Micro Area"
"177231","*****","310M100US39820","Redding, CA Metro Area"
"46051","*****","310M100US39860","Red Wing, MN Micro Area"
"421866","*****","310M100US39900","Reno-Sparks, NV Metro Area"
"50117","*****","310M100US39940","Rexburg, ID Micro Area"
"68990","*****","310M100US39980","Richmond, IN Micro Area"
"1248271","*****","310M100US40060","Richmond, VA Metro Area"
"99461","*****","310M100US40080","Richmond-Berea, KY Micro Area"
"60525","*****","310M100US40100","Rio Grande City-Roma, TX Micro Area"
"4178296","*****","310M100US40140","Riverside-San Bernardino-Ontario, CA Metro Area"
"39515","*****","310M100US40180","Riverton, WY Micro Area"
"306755","*****","310M100US40220","Roanoke, VA Metro Area"
"77108","*****","310M100US40260","Roanoke Rapids, NC Micro Area"
"53525","*****","310M100US40300","Rochelle, IL Micro Area"
"184596","*****","310M100US40340","Rochester, MN Metro Area"
"1051879","*****","310M100US40380","Rochester, NY Metro Area"
"348977","*****","310M100US40420","Rockford, IL Metro Area"
"46546","*****","310M100US40460","Rockingham, NC Micro Area"
"39972","*****","310M100US40500","Rockland, ME Micro Area"
"43152","*****","310M100US40540","Rock Springs, WY Micro Area"
"151414","*****","310M100US40580","Rocky Mount, NC Metro Area"
"44665","*****","310M100US40620","Rolla, MO Micro Area"
"95978","*****","310M100US40660","Rome, GA Metro Area"
"107382","*****","310M100US40700","Roseburg, OR Micro Area"
"64949","*****","310M100US40740","Roswell, NM Micro Area"
"20476","*****","310M100US40760","Ruidoso, NM Micro Area"
"83161","*****","310M100US40780","Russellville, AR Micro Area"
"62349","*****","310M100US40820","Ruston, LA Micro Area"
"61956","*****","310M100US40860","Rutland, VT Micro Area"
"2130801","*****","310M100US40900","Sacramento--Arden-Arcade--Roseville, CA Metro Area"
"45192","*****","310M100US40940","Safford, AZ Micro Area"
"200998","*****","310M100US40980","Saginaw-Saginaw Township North, MI Metro Area"
"187694","*****","310M100US41060","St. Cloud, MN Metro Area"
"137020","*****","310M100US41100","St. George, UT Metro Area"
"126680","*****","310M100US41140","St. Joseph, MO-KS Metro Area"
"2801982","*****","310M100US41180","St. Louis, MO-IL Metro Area"
"49957","*****","310M100US41220","St. Marys, GA Micro Area"
"32233","*****","310M100US41260","St. Marys, PA Micro Area"
"387754","*****","310M100US41420","Salem, OR Metro Area"
"61372","*****","310M100US41460","Salina, KS Micro Area"
"411385","*****","310M100US41500","Salinas, CA Metro Area"
"124315","*****","310M100US41540","Salisbury, MD Metro Area"
"137654","*****","310M100US41580","Salisbury, NC Micro Area"
"1109380","*****","310M100US41620","Salt Lake City, UT Metro Area"
"110661","196","310M100US41660","San Angelo, TX Metro Area"
"2105462","*****","310M100US41700","San Antonio-New Braunfels, TX Metro Area"
"3060849","*****","310M100US41740","San Diego-Carlsbad-San Marcos, CA Metro Area"
"77223","*****","310M100US41780","Sandusky, OH Metro Area"
"56787","*****","310M100US41820","Sanford, NC Micro Area"
"4292964","*****","310M100US41860","San Francisco-Oakland-Fremont, CA Metro Area"
"137717","*****","310M100US41900","San Germán-Cabo Rojo, PR Metro Area"
"1817627","*****","310M100US41940","San Jose-Sunnyvale-Santa Clara, CA Metro Area"
"2488081","*****","310M100US41980","San Juan-Caguas-Guaynabo, PR Metro Area"
"267871","*****","310M100US42020","San Luis Obispo-Paso Robles, CA Metro Area"
"419793","*****","310M100US42060","Santa Barbara-Santa Maria-Goleta, CA Metro Area"
"259402","*****","310M100US42100","Santa Cruz-Watsonville, CA Metro Area"
"143053","*****","310M100US42140","Santa Fe, NM Metro Area"
"23210","*****","310M100US42180","Santa Isabel, PR Micro Area"
"478551","*****","310M100US42220","Santa Rosa-Petaluma, CA Metro Area"
"39029","*****","310M100US42300","Sault Ste. Marie, MI Micro Area"
"342645","*****","310M100US42340","Savannah, GA Metro Area"
"62522","*****","310M100US42380","Sayre, PA Micro Area"
"37432","79","310M100US42420","Scottsbluff, NE Micro Area"
"53357","*****","310M100US42460","Scottsboro, AL Micro Area"
"24112","*****","310M100US42500","Scottsburg, IN Micro Area"
"562287","*****","310M100US42540","Scranton--Wilkes-Barre, PA Metro Area"
"194442","*****","310M100US42580","Seaford, DE Micro Area"
"76041","*****","310M100US42620","Searcy, AR Micro Area"
"3404443","*****","310M100US42660","Seattle-Tacoma-Bellevue, WA Metro Area"
"137004","*****","310M100US42680","Sebastian-Vero Beach, FL Metro Area"
"98985","*****","310M100US42700","Sebring, FL Micro Area"
"41831","*****","310M100US42740","Sedalia, MO Micro Area"
"39597","*****","310M100US42780","Selinsgrove, PA Micro Area"
"43868","*****","310M100US42820","Selma, AL Micro Area"
"73629","*****","310M100US42860","Seneca, SC Micro Area"
"35306","*****","310M100US42900","Seneca Falls, NY Micro Area"
"88996","*****","310M100US42940","Sevierville, TN Micro Area"
"42150","*****","310M100US42980","Seymour, IN Micro Area"
"69276","*****","310M100US43060","Shawnee, OK Micro Area"
"115401","*****","310M100US43100","Sheboygan, WI Metro Area"
"97880","*****","310M100US43140","Shelby, NC Micro Area"
"44717","*****","310M100US43180","Shelbyville, TN Micro Area"
"60116","*****","310M100US43220","Shelton, WA Micro Area"
"28743","*****","310M100US43260","Sheridan, WY Micro Area"
"119949","*****","310M100US43300","Sherman-Denison, TX Metro Area"
"107418","*****","310M100US43320","Show Low, AZ Micro Area"
"396183","*****","310M100US43340","Shreveport-Bossier City, LA Metro Area"
"49389","*****","310M100US43380","Sidney, OH Micro Area"
"130464","*****","310M100US43420","Sierra Vista-Douglas, AZ Micro Area"
"39268","*****","310M100US43460","Sikeston, MO Micro Area"
"29684","*****","310M100US43500","Silver City, NM Micro Area"
"27496","*****","310M100US43540","Silverthorne, CO Micro Area"
"142519","*****","310M100US43580","Sioux City, IA-NE-SD Metro Area"
"225260","*****","310M100US43620","Sioux Falls, SD Metro Area"
"16717","*****","310M100US43660","Snyder, TX Micro Area"
"62654","*****","310M100US43700","Somerset, KY Micro Area"
"77946","*****","310M100US43740","Somerset, PA Micro Area"
"319113","*****","310M100US43780","South Bend-Mishawaka, IN-MI Metro Area"
"87216","*****","310M100US43860","Southern Pines-Pinehurst, NC Micro Area"
"281777","*****","310M100US43900","Spartanburg, SC Metro Area"
"23897","*****","310M100US43940","Spearfish, SD Micro Area"
"16674","*****","310M100US43980","Spencer, IA Micro Area"
"16712","*****","310M100US44020","Spirit Lake, IA Micro Area"
"466497","*****","310M100US44060","Spokane, WA Metro Area"
"209124","*****","310M100US44100","Springfield, IL Metro Area"
"691877","*****","310M100US44140","Springfield, MA Metro Area"
"432843","*****","310M100US44180","Springfield, MO Metro Area"
"138782","*****","310M100US44220","Springfield, OH Metro Area"
"47064","*****","310M100US44260","Starkville, MS Micro Area"
"152689","*****","310M100US44300","State College, PA Metro Area"
"69008","*****","310M100US44340","Statesboro, GA Micro Area"
"157501","*****","310M100US44380","Statesville-Mooresville, NC Micro Area"
"118367","*****","310M100US44420","Staunton-Waynesboro, VA Micro Area"
"37525","*****","310M100US44500","Stephenville, TX Micro Area"
"22417","*****","310M100US44540","Sterling, CO Micro Area"
"58622","*****","310M100US44580","Sterling, IL Micro Area"
"124485","*****","310M100US44600","Steubenville-Weirton, OH-WV Metro Area"
"69754","*****","310M100US44620","Stevens Point, WI Micro Area"
"76291","*****","310M100US44660","Stillwater, OK Micro Area"
"680277","*****","310M100US44700","Stockton, CA Metro Area"
"20078","*****","310M100US44740","Storm Lake, IA Micro Area"
"61630","*****","310M100US44780","Sturgis, MI Micro Area"
"34869","*****","310M100US44860","Sulphur Springs, TX Micro Area"
"26001","*****","310M100US44900","Summerville, GA Micro Area"
"106899","*****","310M100US44940","Sumter, SC Metro Area"
"94321","*****","310M100US44980","Sunbury, PA Micro Area"
"35001","*****","310M100US45000","Susanville, CA Micro Area"
"15098","*****","310M100US45020","Sweetwater, TX Micro Area"
"660283","*****","310M100US45060","Syracuse, NY Metro Area"
"46653","*****","310M100US45140","Tahlequah, OK Micro Area"
"82265","*****","310M100US45180","Talladega-Sylacauga, AL Micro Area"
"364192","*****","310M100US45220","Tallahassee, FL Metro Area"
"12181","*****","310M100US45260","Tallulah, LA Micro Area"
"2770114","*****","310M100US45300","Tampa-St. Petersburg-Clearwater, FL Metro Area"
"32720","*****","310M100US45340","Taos, NM Micro Area"
"34897","*****","310M100US45380","Taylorville, IL Micro Area"
"172248","*****","310M100US45460","Terre Haute, IN Metro Area"
"135169","*****","310M100US45500","Texarkana, TX-Texarkana, AR Metro Area"
"24910","*****","310M100US45520","The Dalles, OR Micro Area"
"90251","*****","310M100US45540","The Villages, FL Micro Area"
"27235","*****","310M100US45580","Thomaston, GA Micro Area"
"44609","*****","310M100US45620","Thomasville, GA Micro Area"
"161724","*****","310M100US45640","Thomasville-Lexington, NC Micro Area"
"56901","*****","310M100US45660","Tiffin, OH Micro Area"
"40204","*****","310M100US45700","Tifton, GA Micro Area"
"25964","*****","310M100US45740","Toccoa, GA Micro Area"
"652484","*****","310M100US45780","Toledo, OH Metro Area"
"232544","*****","310M100US45820","Topeka, KS Metro Area"
"189719","*****","310M100US45860","Torrington, CT Micro Area"
"143418","*****","310M100US45900","Traverse City, MI Micro Area"
"365318","*****","310M100US45940","Trenton-Ewing, NJ Metro Area"
"32471","*****","310M100US45980","Troy, AL Micro Area"
"98392","*****","310M100US46020","Truckee-Grass Valley, CA Micro Area"
"974181","*****","310M100US46060","Tucson, AZ Metro Area"
"100001","*****","310M100US46100","Tullahoma, TN Micro Area"
"927976","*****","310M100US46140","Tulsa, OK Metro Area"
"135372","*****","310M100US46180","Tupelo, MS Micro Area"
"216631","*****","310M100US46220","Tuscaloosa, AL Metro Area"
"21489","*****","310M100US46260","Tuskegee, AL Micro Area"
"97923","*****","310M100US46300","Twin Falls, ID Micro Area"
"206839","*****","310M100US46340","Tyler, TX Metro Area"
"87525","*****","310M100US46380","Ukiah, CA Micro Area"
"28982","*****","310M100US46420","Union, SC Micro Area"
"38706","*****","310M100US46460","Union City, TN-KY Micro Area"
"40092","*****","310M100US46500","Urbana, OH Micro Area"
"298903","*****","310M100US46540","Utica-Rome, NY Metro Area"
"33404","*****","310M100US46580","Utuado, PR Micro Area"
"26330","*****","310M100US46620","Uvalde, TX Micro Area"
"137223","*****","310M100US46660","Valdosta, GA Metro Area"
"411620","*****","310M100US46700","Vallejo-Fairfield, CA Metro Area"
"34375","*****","310M100US46740","Valley, AL Micro Area"
"28880","*****","310M100US46780","Van Wert, OH Micro Area"
"13902","*****","310M100US46820","Vermillion, SD Micro Area"
"31892","*****","310M100US46860","Vernal, UT Micro Area"
"13548","*****","310M100US46900","Vernon, TX Micro Area"
"48663","*****","310M100US46980","Vicksburg, MS Micro Area"
"114838","*****","310M100US47020","Victoria, TX Metro Area"
"36390","*****","310M100US47080","Vidalia, GA Micro Area"
"38446","*****","310M100US47180","Vincennes, IN Micro Area"
"156142","*****","310M100US47220","Vineland-Millville-Bridgeton, NJ Metro Area"
"1666758","*****","310M100US47260","Virginia Beach-Norfolk-Newport News, VA-NC Metro Area"
"436234","*****","310M100US47300","Visalia-Porterville, CA Metro Area"
"33019","*****","310M100US47340","Wabash, IN Micro Area"
"232396","*****","310M100US47380","Waco, TX Metro Area"
"22995","*****","310M100US47420","Wahpeton, ND-MN Micro Area"
"58154","*****","310M100US47460","Walla Walla, WA Micro Area"
"38833","*****","310M100US47500","Walterboro, SC Micro Area"
"45986","*****","310M100US47540","Wapakoneta, OH Micro Area"
"137887","*****","310M100US47580","Warner Robins, GA Metro Area"
"41771","*****","310M100US47620","Warren, PA Micro Area"
"52428","*****","310M100US47660","Warrensburg, MO Micro Area"
"77174","*****","310M100US47700","Warsaw, IN Micro Area"
"31347","*****","310M100US47780","Washington, IN Micro Area"
"47392","*****","310M100US47820","Washington, NC Micro Area"
"5503801","*****","310M100US47900","Washington-Arlington-Alexandria, DC-VA-MD-WV Metro Area"
"28955","*****","310M100US47920","Washington Court House, OH Micro Area"
"166698","*****","310M100US47940","Waterloo-Cedar Falls, IA Metro Area"
"33019","*****","310M100US47980","Watertown, SD Micro Area"
"83308","*****","310M100US48020","Watertown-Fort Atkinson, WI Micro Area"
"115941","*****","310M100US48060","Watertown-Fort Drum, NY Micro Area"
"27690","*****","310M100US48100","Wauchula, FL Micro Area"
"133420","*****","310M100US48140","Wausau, WI Metro Area"
"54638","*****","310M100US48180","Waycross, GA Micro Area"
"27144","*****","310M100US48220","Weatherford, OK Micro Area"
"109629","*****","310M100US48300","Wenatchee-East Wenatchee, WA Metro Area"
"40088","*****","310M100US48460","West Plains, MO Micro Area"
"20748","*****","310M100US48500","West Point, MS Micro Area"
"147961","*****","310M100US48540","Wheeling, WV-OH Metro Area"
"102147","*****","310M100US48580","Whitewater, WI Micro Area"
"615802","*****","310M100US48620","Wichita, KS Metro Area"
"150687","*****","310M100US48660","Wichita Falls, TX Metro Area"
"116335","*****","310M100US48700","Williamsport, PA Metro Area"
"117971","*****","310M100US48740","Willimantic, CT Micro Area"
"22046","*****","310M100US48780","Williston, ND Micro Area"
"41992","*****","310M100US48820","Willmar, MN Micro Area"
"357019","*****","310M100US48900","Wilmington, NC Metro Area"
"42296","*****","310M100US48940","Wilmington, OH Micro Area"
"80351","*****","310M100US48980","Wilson, NC Micro Area"
"127144","*****","310M100US49020","Winchester, VA-WV Metro Area"
"36237","*****","310M100US49060","Winfield, KS Micro Area"
"51394","*****","310M100US49100","Winona, MN Micro Area"
"474078","*****","310M100US49180","Winston-Salem, NC Metro Area"
"20105","*****","310M100US49260","Woodward, OK Micro Area"
"114508","*****","310M100US49300","Wooster, OH Micro Area"
"794981","*****","310M100US49340","Worcester, MA Metro Area"
"21188","*****","310M100US49380","Worthington, MN Micro Area"
"239836","*****","310M100US49420","Yakima, WA Metro Area"
"22350","*****","310M100US49460","Yankton, SD Micro Area"
"108516","*****","310M100US49500","Yauco, PR Metro Area"
"28238","*****","310M100US49540","Yazoo City, MS Micro Area"
"431967","*****","310M100US49620","York-Hanover, PA Metro Area"
"568473","*****","310M100US49660","Youngstown-Warren-Boardman, OH-PA Metro Area"
"166009","*****","310M100US49700","Yuba City, CA Metro Area"
"193995","*****","310M100US49740","Yuma, AZ Metro Area"
"85997","*****","310M100US49780","Zanesville, OH Micro Area"
